{"v":"5.12.1","fr":29.9700012207031,"ip":0,"op":49.0000019958109,"w":128,"h":128,"nm":"shopping_cart_1_lottie","ddd":0,"assets":[],"layers":[{"ddd":0,"ind":1,"ty":4,"nm":"Layer 2 Outlines 4","td":1,"sr":1,"ks":{"o":{"a":0,"k":100,"ix":11},"r":{"a":0,"k":0,"ix":10},"p":{"a":1,"k":[{"i":{"x":0.2,"y":0.2},"o":{"x":0.8,"y":0.8},"t":10,"s":[64.65,61.125,0],"to":[0,0,0],"ti":[0,0,0]},{"i":{"x":0.2,"y":0.2},"o":{"x":0.8,"y":0.8},"t":22.5,"s":[64.65,61.125,0],"to":[0,0,0],"ti":[0,0,0]},{"t":40.0000016292334,"s":[64.65,61.125,0]}],"ix":2,"l":2},"a":{"a":0,"k":[55.65,51.125,0],"ix":1,"l":2},"s":{"a":1,"k":[{"i":{"x":[0.2,0.2,0.2],"y":[1,1,1]},"o":{"x":[0.8,0.8,0.8],"y":[0,0,0]},"t":10,"s":[100,100,100]},{"i":{"x":[0.2,0.2,0.2],"y":[1,1,1]},"o":{"x":[0.8,0.8,0.8],"y":[0,0,0]},"t":22.5,"s":[100,100,100]},{"t":40.0000016292334,"s":[100,100,100]}],"ix":6,"l":2}},"ao":0,"shapes":[{"ty":"gr","it":[{"ind":0,"ty":"sh","ix":1,"ks":{"a":1,"k":[{"i":{"x":0.2,"y":1},"o":{"x":0.8,"y":0},"t":10,"s":[{"i":[[-2.761,0],[0,-2.761],[2.761,0],[0,2.761]],"o":[[2.761,0],[0,2.761],[-2.761,0],[0,-2.761]],"v":[[0,-5],[5,0],[0,5],[-5,0]],"c":true}]},{"i":{"x":0.2,"y":1},"o":{"x":0.8,"y":0},"t":22.5,"s":[{"i":[[-2.761,0],[0,-2.761],[2.761,0],[0,2.761]],"o":[[2.761,0],[0,2.761],[-2.761,0],[0,-2.761]],"v":[[0,-5],[5,0],[0,5],[-5,0]],"c":true}]},{"t":40.0000016292334,"s":[{"i":[[-2.761,0],[0,-2.761],[2.761,0],[0,2.761]],"o":[[2.761,0],[0,2.761],[-2.761,0],[0,-2.761]],"v":[[0,-5],[5,0],[0,5],[-5,0]],"c":true}]}],"ix":2},"nm":"Path 1","mn":"ADBE Vector Shape - Group","hd":false},{"ty":"fl","c":{"a":0,"k":[0,0,0,1],"ix":4},"o":{"a":0,"k":100,"ix":5},"r":1,"bm":0,"nm":"Fill 1","mn":"ADBE Vector Graphic - Fill","hd":false},{"ty":"tr","p":{"a":0,"k":[78,97],"ix":2},"a":{"a":0,"k":[0,0],"ix":1},"s":{"a":0,"k":[100,100],"ix":3},"r":{"a":0,"k":0,"ix":6},"o":{"a":0,"k":100,"ix":7},"sk":{"a":0,"k":0,"ix":4},"sa":{"a":0,"k":0,"ix":5},"nm":"Transform"}],"nm":"Group 1","np":2,"cix":2,"bm":0,"ix":1,"mn":"ADBE Vector Group","hd":false},{"ty":"gr","it":[{"ind":0,"ty":"sh","ix":1,"ks":{"a":1,"k":[{"i":{"x":0.2,"y":1},"o":{"x":0.8,"y":0},"t":10,"s":[{"i":[[-2.761,0],[0,-2.761],[2.761,0],[0,2.761]],"o":[[2.761,0],[0,2.761],[-2.761,0],[0,-2.761]],"v":[[0,-5],[5,0],[0,5],[-5,0]],"c":true}]},{"i":{"x":0.2,"y":1},"o":{"x":0.8,"y":0},"t":22.5,"s":[{"i":[[-2.761,0],[0,-2.761],[2.761,0],[0,2.761]],"o":[[2.761,0],[0,2.761],[-2.761,0],[0,-2.761]],"v":[[0,-5],[5,0],[0,5],[-5,0]],"c":true}]},{"t":40.0000016292334,"s":[{"i":[[-2.761,0],[0,-2.761],[2.761,0],[0,2.761]],"o":[[2.761,0],[0,2.761],[-2.761,0],[0,-2.761]],"v":[[0,-5],[5,0],[0,5],[-5,0]],"c":true}]}],"ix":2},"nm":"Path 1","mn":"ADBE Vector Shape - Group","hd":false},{"ty":"fl","c":{"a":0,"k":[0,0,0,1],"ix":4},"o":{"a":0,"k":100,"ix":5},"r":1,"bm":0,"nm":"Fill 1","mn":"ADBE Vector Graphic - Fill","hd":false},{"ty":"tr","p":{"a":0,"k":[40,97],"ix":2},"a":{"a":0,"k":[0,0],"ix":1},"s":{"a":0,"k":[100,100],"ix":3},"r":{"a":0,"k":0,"ix":6},"o":{"a":0,"k":100,"ix":7},"sk":{"a":0,"k":0,"ix":4},"sa":{"a":0,"k":0,"ix":5},"nm":"Transform"}],"nm":"Group 2","np":2,"cix":2,"bm":0,"ix":2,"mn":"ADBE Vector Group","hd":false},{"ty":"gr","it":[{"ind":0,"ty":"sh","ix":1,"ks":{"a":1,"k":[{"i":{"x":0.2,"y":1},"o":{"x":0.8,"y":0},"t":10,"s":[{"i":[[0,0],[0,0],[0,-4.28],[-4.281,0],[0,0]],"o":[[0,0],[-4.281,0],[0,4.28],[0,0],[0,0]],"v":[[-21.534,22.25],[-24.887,22.25],[-32.637,30],[-24.887,37.75],[30.238,37.75]],"c":false}]},{"i":{"x":0.2,"y":1},"o":{"x":0.8,"y":0},"t":22.5,"s":[{"i":[[0,0],[0,0],[0,-4.28],[-4.281,0],[0,0]],"o":[[0,0],[-4.281,0],[0,4.28],[0,0],[0,0]],"v":[[-21.534,22.25],[-24.887,22.25],[-32.637,30],[-24.887,37.75],[30.238,37.75]],"c":false}]},{"i":{"x":0.2,"y":1},"o":{"x":0.8,"y":0},"t":28.75,"s":[{"i":[[0,0],[0,0],[0,-3.6],[-4.281,0],[0,0]],"o":[[0,0],[-4.281,0],[0,3.6],[0,0],[0,0]],"v":[[-21.534,24.714],[-24.887,24.714],[-32.637,31.232],[-24.887,37.75],[30.238,37.75]],"c":false}]},{"t":40.0000016292334,"s":[{"i":[[0,0],[0,0],[0,-4.28],[-4.281,0],[0,0]],"o":[[0,0],[-4.281,0],[0,4.28],[0,0],[0,0]],"v":[[-21.534,22.25],[-24.887,22.25],[-32.637,30],[-24.887,37.75],[30.238,37.75]],"c":false}]}],"ix":2},"nm":"Path 1","mn":"ADBE Vector Shape - Group","hd":false},{"ind":1,"ty":"sh","ix":2,"ks":{"a":1,"k":[{"i":{"x":0.2,"y":1},"o":{"x":0.8,"y":0},"t":10,"s":[{"i":[[0,0],[0,0],[0,0],[1.626,1.265],[4.487,0],[0,0]],"o":[[0,0],[0,0],[-1.102,-4.349],[-1.625,-1.265],[0,0],[0,0]],"v":[[-21.534,22.25],[-32.388,-24.935],[-33.341,-28.696],[-36.619,-36.485],[-44.974,-37.75],[-48.65,-37.75]],"c":false}]},{"i":{"x":0.2,"y":1},"o":{"x":0.8,"y":0},"t":22.5,"s":[{"i":[[0,0],[0,0],[0,0],[1.626,1.265],[4.487,0],[0,0]],"o":[[0,0],[0,0],[-1.102,-4.349],[-1.625,-1.265],[0,0],[0,0]],"v":[[-21.534,22.25],[-32.388,-24.935],[-33.341,-28.696],[-36.619,-36.485],[-44.974,-37.75],[-48.65,-37.75]],"c":false}]},{"i":{"x":0.2,"y":1},"o":{"x":0.8,"y":0},"t":28.75,"s":[{"i":[[0,0],[0,0],[0,0],[1.626,1.064],[4.487,0],[0,0]],"o":[[0,0],[0,0],[-1.102,-3.658],[-1.625,-1.064],[0,0],[0,0]],"v":[[-21.534,24.714],[-32.388,-14.972],[-33.341,-18.135],[-36.619,-24.686],[-44.974,-25.75],[-48.65,-25.75]],"c":false}]},{"t":40.0000016292334,"s":[{"i":[[0,0],[0,0],[0,0],[1.626,1.265],[4.487,0],[0,0]],"o":[[0,0],[0,0],[-1.102,-4.349],[-1.625,-1.265],[0,0],[0,0]],"v":[[-21.534,22.25],[-32.388,-24.935],[-33.341,-28.696],[-36.619,-36.485],[-44.974,-37.75],[-48.65,-37.75]],"c":false}]}],"ix":2},"nm":"Path 2","mn":"ADBE Vector Shape - Group","hd":false},{"ind":2,"ty":"sh","ix":3,"ks":{"a":1,"k":[{"i":{"x":0.2,"y":1},"o":{"x":0.8,"y":0},"t":10,"s":[{"i":[[0,0],[0,0],[-2.899,1.791],[-3.244,6.481],[3.517,5.694],[17.412,0],[0,0]],"o":[[0,0],[7.213,0],[2.899,-1.79],[7.835,-15.652],[-3.517,-5.693],[0,0],[0,0]],"v":[[-21.534,22.25],[15.413,22.25],[29.132,20.459],[36.897,8.947],[45.133,-20.225],[15.497,-25.918],[-32.637,-25.918]],"c":false}]},{"i":{"x":0.2,"y":1},"o":{"x":0.8,"y":0},"t":22.5,"s":[{"i":[[0,0],[0,0],[-2.899,1.791],[-3.244,6.481],[3.517,5.694],[17.412,0],[0,0]],"o":[[0,0],[7.213,0],[2.899,-1.79],[7.835,-15.652],[-3.517,-5.693],[0,0],[0,0]],"v":[[-21.534,22.25],[15.413,22.25],[29.132,20.459],[36.897,8.947],[45.133,-20.225],[15.497,-25.918],[-32.637,-25.918]],"c":false}]},{"i":{"x":0.2,"y":1},"o":{"x":0.8,"y":0},"t":28.75,"s":[{"i":[[0,0],[0,0],[-2.899,1.505],[-3.244,5.451],[3.517,4.789],[17.412,0],[0,0]],"o":[[0,0],[7.213,0],[2.899,-1.505],[7.835,-13.164],[-3.517,-4.788],[0,0],[0,0]],"v":[[-21.534,24.714],[15.413,24.714],[29.132,23.207],[36.897,13.525],[45.133,-11.01],[15.497,-15.799],[-32.637,-15.799]],"c":false}]},{"t":40.0000016292334,"s":[{"i":[[0,0],[0,0],[-2.899,1.791],[-3.244,6.481],[3.517,5.694],[17.412,0],[0,0]],"o":[[0,0],[7.213,0],[2.899,-1.79],[7.835,-15.652],[-3.517,-5.693],[0,0],[0,0]],"v":[[-21.534,22.25],[15.413,22.25],[29.132,20.459],[36.897,8.947],[45.133,-20.225],[15.497,-25.918],[-32.637,-25.918]],"c":false}]}],"ix":2},"nm":"Path 3","mn":"ADBE Vector Shape - Group","hd":false},{"ty":"mm","mm":1,"nm":"Merge Paths 1","mn":"ADBE Vector Filter - Merge","hd":false},{"ty":"st","c":{"a":0,"k":[0,0,0,1],"ix":3},"o":{"a":0,"k":100,"ix":4},"w":{"a":0,"k":7,"ix":5},"lc":2,"lj":2,"bm":0,"nm":"Stroke 1","mn":"ADBE Vector Graphic - Stroke","hd":false},{"ty":"tr","p":{"a":0,"k":[55.65,44.75],"ix":2},"a":{"a":0,"k":[0,0],"ix":1},"s":{"a":0,"k":[100,100],"ix":3},"r":{"a":0,"k":0,"ix":6},"o":{"a":0,"k":100,"ix":7},"sk":{"a":0,"k":0,"ix":4},"sa":{"a":0,"k":0,"ix":5},"nm":"Transform"}],"nm":"Group 3","np":5,"cix":2,"bm":0,"ix":3,"mn":"ADBE Vector Group","hd":false},{"ty":"fl","c":{"a":0,"k":[1,0,0,1],"ix":4},"o":{"a":0,"k":100,"ix":5},"r":1,"bm":0,"nm":"Fill 1","mn":"ADBE Vector Graphic - Fill","hd":false}],"ip":0,"op":300.00001221925,"st":0,"ct":1,"bm":0},{"ddd":0,"ind":2,"ty":4,"nm":"Shape Layer 1","tt":2,"tp":1,"sr":1,"ks":{"o":{"a":0,"k":100,"ix":11},"r":{"a":0,"k":0,"ix":10},"p":{"a":1,"k":[{"i":{"x":0.2,"y":1},"o":{"x":0.8,"y":0},"t":10,"s":[117.5,5.5,0],"to":[0,0,0],"ti":[0,0,0]},{"t":35.0000014255792,"s":[118,68,0]}],"ix":2,"l":2},"a":{"a":0,"k":[0,0,0],"ix":1,"l":2},"s":{"a":0,"k":[100,100,100],"ix":6,"l":2}},"ao":0,"shapes":[{"ty":"gr","it":[{"d":1,"ty":"el","s":{"a":0,"k":[13.5,13.5],"ix":2},"p":{"a":0,"k":[0,0],"ix":3},"nm":"Ellipse Path 1","mn":"ADBE Vector Shape - Ellipse","hd":false},{"ty":"fl","c":{"a":0,"k":[0,0,0,1],"ix":4},"o":{"a":0,"k":100,"ix":5},"r":1,"bm":0,"nm":"Fill 1","mn":"ADBE Vector Graphic - Fill","hd":false},{"ty":"tr","p":{"a":0,"k":[-48.75,-22.25],"ix":2},"a":{"a":0,"k":[0,0],"ix":1},"s":{"a":0,"k":[100,100],"ix":3},"r":{"a":0,"k":0,"ix":6},"o":{"a":0,"k":100,"ix":7},"sk":{"a":0,"k":0,"ix":4},"sa":{"a":0,"k":0,"ix":5},"nm":"Transform"}],"nm":"Ellipse 1","np":3,"cix":2,"bm":0,"ix":1,"mn":"ADBE Vector Group","hd":false}],"ip":0,"op":300.00001221925,"st":0,"ct":1,"bm":0},{"ddd":0,"ind":3,"ty":4,"nm":"Layer 2 Outlines 3","sr":1,"ks":{"o":{"a":0,"k":100,"ix":11},"r":{"a":0,"k":0,"ix":10},"p":{"a":1,"k":[{"i":{"x":0.2,"y":1},"o":{"x":0.8,"y":0},"t":22,"s":[72,54,0],"to":[0,0,0],"ti":[0,0,0]},{"i":{"x":0.2,"y":1},"o":{"x":0.8,"y":0},"t":29,"s":[72,60,0],"to":[0,0,0],"ti":[0,0,0]},{"t":40.0000016292334,"s":[72,54,0]}],"ix":2,"l":2},"a":{"a":0,"k":[12.5,12.5,0],"ix":1,"l":2},"s":{"a":1,"k":[{"i":{"x":[0.2,0.2,0.2],"y":[1,1,1]},"o":{"x":[0.8,0.8,0.8],"y":[0,0,0]},"t":22,"s":[100,100,100]},{"i":{"x":[0.2,0.2,0.2],"y":[1,1,1]},"o":{"x":[0.8,0.8,0.8],"y":[0,0,0]},"t":29,"s":[121,121,100]},{"t":40.0000016292334,"s":[100,100,100]}],"ix":6,"l":2}},"ao":0,"shapes":[{"ty":"gr","it":[{"ind":0,"ty":"sh","ix":1,"ks":{"a":0,"k":{"i":[[0,0],[0,0]],"o":[[0,0],[0,0]],"v":[[21.5,12.5],[3.5,12.5]],"c":false},"ix":2},"nm":"Path 1","mn":"ADBE Vector Shape - Group","hd":false},{"ty":"st","c":{"a":0,"k":[0,0,0,1],"ix":3},"o":{"a":0,"k":100,"ix":4},"w":{"a":0,"k":7,"ix":5},"lc":2,"lj":1,"ml":4,"bm":0,"nm":"Stroke 1","mn":"ADBE Vector Graphic - Stroke","hd":false},{"ty":"tr","p":{"a":0,"k":[0,0],"ix":2},"a":{"a":0,"k":[0,0],"ix":1},"s":{"a":0,"k":[100,100],"ix":3},"r":{"a":0,"k":0,"ix":6},"o":{"a":0,"k":100,"ix":7},"sk":{"a":0,"k":0,"ix":4},"sa":{"a":0,"k":0,"ix":5},"nm":"Transform"}],"nm":"Group 1","np":2,"cix":2,"bm":0,"ix":1,"mn":"ADBE Vector Group","hd":false},{"ty":"gr","it":[{"ind":0,"ty":"sh","ix":1,"ks":{"a":0,"k":{"i":[[0,0],[0,0]],"o":[[0,0],[0,0]],"v":[[12.5,3.5],[12.5,21.5]],"c":false},"ix":2},"nm":"Path 1","mn":"ADBE Vector Shape - Group","hd":false},{"ty":"st","c":{"a":0,"k":[0,0,0,1],"ix":3},"o":{"a":0,"k":100,"ix":4},"w":{"a":0,"k":7,"ix":5},"lc":2,"lj":1,"ml":4,"bm":0,"nm":"Stroke 1","mn":"ADBE Vector Graphic - Stroke","hd":false},{"ty":"tr","p":{"a":0,"k":[0,0],"ix":2},"a":{"a":0,"k":[0,0],"ix":1},"s":{"a":0,"k":[100,100],"ix":3},"r":{"a":0,"k":0,"ix":6},"o":{"a":0,"k":100,"ix":7},"sk":{"a":0,"k":0,"ix":4},"sa":{"a":0,"k":0,"ix":5},"nm":"Transform"}],"nm":"Group 2","np":2,"cix":2,"bm":0,"ix":2,"mn":"ADBE Vector Group","hd":false}],"ip":0,"op":300.00001221925,"st":0,"ct":1,"bm":0},{"ddd":0,"ind":4,"ty":4,"nm":"Layer 2 Outlines","sr":1,"ks":{"o":{"a":0,"k":100,"ix":11},"r":{"a":0,"k":0,"ix":10},"p":{"a":1,"k":[{"i":{"x":0.2,"y":0.2},"o":{"x":0.8,"y":0.8},"t":10,"s":[64.65,61.125,0],"to":[0,0,0],"ti":[0,0,0]},{"i":{"x":0.2,"y":0.2},"o":{"x":0.8,"y":0.8},"t":22.5,"s":[64.65,61.125,0],"to":[0,0,0],"ti":[0,0,0]},{"t":40.0000016292334,"s":[64.65,61.125,0]}],"ix":2,"l":2},"a":{"a":0,"k":[55.65,51.125,0],"ix":1,"l":2},"s":{"a":1,"k":[{"i":{"x":[0.2,0.2,0.2],"y":[1,1,1]},"o":{"x":[0.8,0.8,0.8],"y":[0,0,0]},"t":10,"s":[100,100,100]},{"i":{"x":[0.2,0.2,0.2],"y":[1,1,1]},"o":{"x":[0.8,0.8,0.8],"y":[0,0,0]},"t":22.5,"s":[100,100,100]},{"t":40.0000016292334,"s":[100,100,100]}],"ix":6,"l":2}},"ao":0,"shapes":[{"ty":"gr","it":[{"ind":0,"ty":"sh","ix":1,"ks":{"a":1,"k":[{"i":{"x":0.2,"y":1},"o":{"x":0.8,"y":0},"t":10,"s":[{"i":[[-2.761,0],[0,-2.761],[2.761,0],[0,2.761]],"o":[[2.761,0],[0,2.761],[-2.761,0],[0,-2.761]],"v":[[0,-5],[5,0],[0,5],[-5,0]],"c":true}]},{"i":{"x":0.2,"y":1},"o":{"x":0.8,"y":0},"t":22.5,"s":[{"i":[[-2.761,0],[0,-2.761],[2.761,0],[0,2.761]],"o":[[2.761,0],[0,2.761],[-2.761,0],[0,-2.761]],"v":[[0,-5],[5,0],[0,5],[-5,0]],"c":true}]},{"t":40.0000016292334,"s":[{"i":[[-2.761,0],[0,-2.761],[2.761,0],[0,2.761]],"o":[[2.761,0],[0,2.761],[-2.761,0],[0,-2.761]],"v":[[0,-5],[5,0],[0,5],[-5,0]],"c":true}]}],"ix":2},"nm":"Path 1","mn":"ADBE Vector Shape - Group","hd":false},{"ty":"fl","c":{"a":0,"k":[0,0,0,1],"ix":4},"o":{"a":0,"k":100,"ix":5},"r":1,"bm":0,"nm":"Fill 1","mn":"ADBE Vector Graphic - Fill","hd":false},{"ty":"tr","p":{"a":0,"k":[78,97],"ix":2},"a":{"a":0,"k":[0,0],"ix":1},"s":{"a":0,"k":[100,100],"ix":3},"r":{"a":0,"k":0,"ix":6},"o":{"a":0,"k":100,"ix":7},"sk":{"a":0,"k":0,"ix":4},"sa":{"a":0,"k":0,"ix":5},"nm":"Transform"}],"nm":"Group 1","np":2,"cix":2,"bm":0,"ix":1,"mn":"ADBE Vector Group","hd":false},{"ty":"gr","it":[{"ind":0,"ty":"sh","ix":1,"ks":{"a":1,"k":[{"i":{"x":0.2,"y":1},"o":{"x":0.8,"y":0},"t":10,"s":[{"i":[[-2.761,0],[0,-2.761],[2.761,0],[0,2.761]],"o":[[2.761,0],[0,2.761],[-2.761,0],[0,-2.761]],"v":[[0,-5],[5,0],[0,5],[-5,0]],"c":true}]},{"i":{"x":0.2,"y":1},"o":{"x":0.8,"y":0},"t":22.5,"s":[{"i":[[-2.761,0],[0,-2.761],[2.761,0],[0,2.761]],"o":[[2.761,0],[0,2.761],[-2.761,0],[0,-2.761]],"v":[[0,-5],[5,0],[0,5],[-5,0]],"c":true}]},{"t":40.0000016292334,"s":[{"i":[[-2.761,0],[0,-2.761],[2.761,0],[0,2.761]],"o":[[2.761,0],[0,2.761],[-2.761,0],[0,-2.761]],"v":[[0,-5],[5,0],[0,5],[-5,0]],"c":true}]}],"ix":2},"nm":"Path 1","mn":"ADBE Vector Shape - Group","hd":false},{"ty":"fl","c":{"a":0,"k":[0,0,0,1],"ix":4},"o":{"a":0,"k":100,"ix":5},"r":1,"bm":0,"nm":"Fill 1","mn":"ADBE Vector Graphic - Fill","hd":false},{"ty":"tr","p":{"a":0,"k":[40,97],"ix":2},"a":{"a":0,"k":[0,0],"ix":1},"s":{"a":0,"k":[100,100],"ix":3},"r":{"a":0,"k":0,"ix":6},"o":{"a":0,"k":100,"ix":7},"sk":{"a":0,"k":0,"ix":4},"sa":{"a":0,"k":0,"ix":5},"nm":"Transform"}],"nm":"Group 2","np":2,"cix":2,"bm":0,"ix":2,"mn":"ADBE Vector Group","hd":false},{"ty":"gr","it":[{"ind":0,"ty":"sh","ix":1,"ks":{"a":1,"k":[{"i":{"x":0.2,"y":1},"o":{"x":0.8,"y":0},"t":10,"s":[{"i":[[0,0],[0,0],[0,-4.28],[-4.281,0],[0,0]],"o":[[0,0],[-4.281,0],[0,4.28],[0,0],[0,0]],"v":[[-21.534,22.25],[-24.887,22.25],[-32.637,30],[-24.887,37.75],[30.238,37.75]],"c":false}]},{"i":{"x":0.2,"y":1},"o":{"x":0.8,"y":0},"t":22.5,"s":[{"i":[[0,0],[0,0],[0,-4.28],[-4.281,0],[0,0]],"o":[[0,0],[-4.281,0],[0,4.28],[0,0],[0,0]],"v":[[-21.534,22.25],[-24.887,22.25],[-32.637,30],[-24.887,37.75],[30.238,37.75]],"c":false}]},{"i":{"x":0.2,"y":1},"o":{"x":0.8,"y":0},"t":28.75,"s":[{"i":[[0,0],[0,0],[0,-3.6],[-4.281,0],[0,0]],"o":[[0,0],[-4.281,0],[0,3.6],[0,0],[0,0]],"v":[[-21.534,24.714],[-24.887,24.714],[-32.637,31.232],[-24.887,37.75],[30.238,37.75]],"c":false}]},{"t":40.0000016292334,"s":[{"i":[[0,0],[0,0],[0,-4.28],[-4.281,0],[0,0]],"o":[[0,0],[-4.281,0],[0,4.28],[0,0],[0,0]],"v":[[-21.534,22.25],[-24.887,22.25],[-32.637,30],[-24.887,37.75],[30.238,37.75]],"c":false}]}],"ix":2},"nm":"Path 1","mn":"ADBE Vector Shape - Group","hd":false},{"ind":1,"ty":"sh","ix":2,"ks":{"a":1,"k":[{"i":{"x":0.2,"y":1},"o":{"x":0.8,"y":0},"t":10,"s":[{"i":[[0,0],[0,0],[0,0],[1.626,1.265],[4.487,0],[0,0]],"o":[[0,0],[0,0],[-1.102,-4.349],[-1.625,-1.265],[0,0],[0,0]],"v":[[-21.534,22.25],[-32.388,-24.935],[-33.341,-28.696],[-36.619,-36.485],[-44.974,-37.75],[-48.65,-37.75]],"c":false}]},{"i":{"x":0.2,"y":1},"o":{"x":0.8,"y":0},"t":22.5,"s":[{"i":[[0,0],[0,0],[0,0],[1.626,1.265],[4.487,0],[0,0]],"o":[[0,0],[0,0],[-1.102,-4.349],[-1.625,-1.265],[0,0],[0,0]],"v":[[-21.534,22.25],[-32.388,-24.935],[-33.341,-28.696],[-36.619,-36.485],[-44.974,-37.75],[-48.65,-37.75]],"c":false}]},{"i":{"x":0.2,"y":1},"o":{"x":0.8,"y":0},"t":28.75,"s":[{"i":[[0,0],[0,0],[0,0],[1.626,1.064],[4.487,0],[0,0]],"o":[[0,0],[0,0],[-1.102,-3.658],[-1.625,-1.064],[0,0],[0,0]],"v":[[-21.534,24.714],[-32.388,-14.972],[-33.341,-18.135],[-36.619,-24.686],[-44.974,-25.75],[-48.65,-25.75]],"c":false}]},{"t":40.0000016292334,"s":[{"i":[[0,0],[0,0],[0,0],[1.626,1.265],[4.487,0],[0,0]],"o":[[0,0],[0,0],[-1.102,-4.349],[-1.625,-1.265],[0,0],[0,0]],"v":[[-21.534,22.25],[-32.388,-24.935],[-33.341,-28.696],[-36.619,-36.485],[-44.974,-37.75],[-48.65,-37.75]],"c":false}]}],"ix":2},"nm":"Path 2","mn":"ADBE Vector Shape - Group","hd":false},{"ind":2,"ty":"sh","ix":3,"ks":{"a":1,"k":[{"i":{"x":0.2,"y":1},"o":{"x":0.8,"y":0},"t":10,"s":[{"i":[[0,0],[0,0],[-2.899,1.791],[-3.244,6.481],[3.517,5.694],[17.412,0],[0,0]],"o":[[0,0],[7.213,0],[2.899,-1.79],[7.835,-15.652],[-3.517,-5.693],[0,0],[0,0]],"v":[[-21.534,22.25],[15.413,22.25],[29.132,20.459],[36.897,8.947],[45.133,-20.225],[15.497,-25.918],[-32.637,-25.918]],"c":false}]},{"i":{"x":0.2,"y":1},"o":{"x":0.8,"y":0},"t":22.5,"s":[{"i":[[0,0],[0,0],[-2.899,1.791],[-3.244,6.481],[3.517,5.694],[17.412,0],[0,0]],"o":[[0,0],[7.213,0],[2.899,-1.79],[7.835,-15.652],[-3.517,-5.693],[0,0],[0,0]],"v":[[-21.534,22.25],[15.413,22.25],[29.132,20.459],[36.897,8.947],[45.133,-20.225],[15.497,-25.918],[-32.637,-25.918]],"c":false}]},{"i":{"x":0.2,"y":1},"o":{"x":0.8,"y":0},"t":28.75,"s":[{"i":[[0,0],[0,0],[-2.899,1.505],[-3.244,5.451],[3.517,4.789],[17.412,0],[0,0]],"o":[[0,0],[7.213,0],[2.899,-1.505],[7.835,-13.164],[-3.517,-4.788],[0,0],[0,0]],"v":[[-21.534,24.714],[15.413,24.714],[29.132,23.207],[36.897,13.525],[45.133,-11.01],[15.497,-15.799],[-32.637,-15.799]],"c":false}]},{"t":40.0000016292334,"s":[{"i":[[0,0],[0,0],[-2.899,1.791],[-3.244,6.481],[3.517,5.694],[17.412,0],[0,0]],"o":[[0,0],[7.213,0],[2.899,-1.79],[7.835,-15.652],[-3.517,-5.693],[0,0],[0,0]],"v":[[-21.534,22.25],[15.413,22.25],[29.132,20.459],[36.897,8.947],[45.133,-20.225],[15.497,-25.918],[-32.637,-25.918]],"c":false}]}],"ix":2},"nm":"Path 3","mn":"ADBE Vector Shape - Group","hd":false},{"ty":"mm","mm":1,"nm":"Merge Paths 1","mn":"ADBE Vector Filter - Merge","hd":false},{"ty":"st","c":{"a":0,"k":[0,0,0,1],"ix":3},"o":{"a":0,"k":100,"ix":4},"w":{"a":0,"k":7,"ix":5},"lc":2,"lj":2,"bm":0,"nm":"Stroke 1","mn":"ADBE Vector Graphic - Stroke","hd":false},{"ty":"tr","p":{"a":0,"k":[55.65,44.75],"ix":2},"a":{"a":0,"k":[0,0],"ix":1},"s":{"a":0,"k":[100,100],"ix":3},"r":{"a":0,"k":0,"ix":6},"o":{"a":0,"k":100,"ix":7},"sk":{"a":0,"k":0,"ix":4},"sa":{"a":0,"k":0,"ix":5},"nm":"Transform"}],"nm":"Group 3","np":5,"cix":2,"bm":0,"ix":3,"mn":"ADBE Vector Group","hd":false}],"ip":0,"op":300.00001221925,"st":0,"ct":1,"bm":0}],"markers":[],"props":{}}